{"cameraMode":{"drawMode":0,"name":"Shaded","section":"Shading Mode"},"sceneLighting":false,"audioPlay":false,"sceneViewState":{"showFog":true,"showMaterialUpdate":false,"showSkybox":false,"showFlares":true,"showImageEffects":true,"showParticleSystems":true},"in2DMode":false,"pivot":{"x":-0.00148773193359375,"y":7.288686752319336,"z":-13.712625503540039},"rotation":{"x":0.0024926275946199896,"y":-0.9975067377090454,"z":0.04941689223051071,"w":0.05031513795256615},"size":32.33134078979492,"orthographic":false}